username;G_totalXp;G_accuracy;G_gamesPlayed;G_headshots;G_hits;G_misses;G_kdRatio;G_suicides;G_shots;G_scorePerMinute;G_hkRatio;G_wgRatio;contracts;kills;downs;deaths;kdRatio;revives;score;scorePerMinute;timePlayed;gamesPlayed;topFive;topTen;topTwentyFive;wins;averageLifetime;wgRatio;killsPerGame;downsPerGame
fifakill#2291605;21978000.0;0.2801867723464966;18672.0;60399.0;490059.0;1258985.0;3.297370433807373;27916.0;1749044.0;5383.589767043765;0.1752753232055021;0.14551199657240788;23552.0;188471.0;190681.0;34095.0;5.527819328347265;4138.0;153695351.0;598.713257342104;15402567.0;14447.0;5705.0;7203.0;10031.0;3638.0;1066.1429362497404;0.25181698622551396;13.045684225098636;13.198657160656191
Huskerrs;21978000.0;0.17203766107559204;17224.0;39401.0;6908.0;33246.0;4.637285232543945;12315.0;40154.0;258595.04433215747;0.19483068950512283;0.014862981885740827;17603.0;208666.0;203387.0;42323.0;4.930321574557569;4920.0;143255601.0;553.8083197120284;15520417.0;16121.0;4758.0;6397.0;10440.0;2982.0;962.7453011599777;0.1849761181068172;12.943737981514793;12.616276905899138
walshy#8835502;21978000.0;0.17004702985286713;13194.0;22252.0;14429.0;70424.0;3.2567062377929688;17009.0;84853.0;56457.09846642413;0.2114003420102603;0.009246627254812794;22052.0;100867.0;102087.0;28277.0;3.567104006789971;6201.0;92368012.0;428.3647803019997;12937760.0;11608.0;4516.0;5768.0;8406.0;2939.0;1114.5554789800137;0.25318745692625777;8.689438318401102;8.794538249483114
Nooms88#9779485;19863507.0;0.2129148244857788;8369.0;8731.0;91234.0;337266.0;1.4134575128555298;7072.0;428500.0;6025.869502262443;0.19839574622795855;0.08830206715258693;27330.0;22589.0;23183.0;11042.0;2.045734468393407;6034.0;49809410.0;353.0592450968532;8464768.0;5739.0;4287.0;4973.0;5829.0;2719.0;1474.9552186792123;0.47377591914967765;3.9360515769297786;4.039553929255968
zSuperRob#6587837;4852256.0;0.21625208854675293;13151.0;29590.0;73966.0;268070.0;3.67230224609375;21444.0;342036.0;16837.12798506189;0.18868526099654384;0.04547182723747244;17120.0;131961.0;135668.0;25082.0;5.261183318714616;7406.0;104201279.0;480.4109122631525;13014019.0;11888.0;4514.0;5934.0;8574.0;2676.0;1094.7189602960968;0.22510094212651413;11.1003532974428;11.412180349932706
ambbirdツ#2476272;20667086.0;0.14886905252933502;10824.0;21024.0;104766.0;598980.0;1.9110978841781616;21902.0;703746.0;5754.3956836981315;0.1863945457608185;0.09913155949741316;18362.0;63269.0;70036.0;15857.0;3.9899728826385825;5060.0;79617219.0;435.54352802033486;10967981.0;9030.0;4621.0;5901.0;7618.0;2600.0;1214.6158361018827;0.28792912513842744;7.006533776301218;7.755924695459579
moto#7997406;21978000.0;0.21057701110839844;18172.0;33706.0;311280.0;1166944.0;1.7434356212615967;34642.0;1478224.0;1658.1527914443795;0.19177941896059264;0.21136913933524104;15448.0;70304.0;73549.0;21358.0;3.2916939788369697;7109.0;70608362.0;374.16002543562934;11322700.0;9561.0;3916.0;5264.0;7389.0;2127.0;1184.2589687271206;0.22246626921870097;7.353205731618032;7.692605376006694
Blue#7558256;16814162.0;0.19735582172870636;8278.0;14960.0;50261.0;204411.0;3.3435420989990234;15655.0;254672.0;18624.94071146245;0.17935929407251103;0.06523314810340662;18861.0;76986.0;78479.0;18458.0;4.170874417596706;5907.0;77517917.0;496.4383730959718;9368887.0;8174.0;3693.0;4861.0;6702.0;2023.0;1146.181428920969;0.24749204795693663;9.418399804257401;9.601052116466846
Downtown Dieter#3252059;21978000.0;0.2024158239364624;11613.0;24448.0;47189.0;185940.0;2.662487268447876;19587.0;233129.0;20032.20320802255;0.2275290832945556;0.0216998191681736;14031.0;84766.0;86020.0;25434.0;3.332782889046159;4028.0;72818012.0;458.58237163840613;9527363.0;8289.0;3321.0;4286.0;6085.0;2014.0;1149.3983592713234;0.2429726143081192;10.226324043913621;10.377608879237544
Newbz#5677070;21978000.0;0.2505573034286499;19146.0;45591.0;77440.0;231631.0;3.693845272064209;47458.0;309071.0;19632.862682448624;0.21141887285930913;0.025645043351091613;11997.0;174602.0;181017.0;36853.0;4.73779610886495;4498.0;125247728.0;535.110674501617;14043569.0;14755.0;3547.0;5178.0;8434.0;1961.0;951.7837343273467;0.13290410030498137;11.833412402575398;12.268180277871908
Rias#9013253;18708188.0;0.22131074965000153;12640.0;32168.0;69469.0;244429.0;3.5791027545928955;20447.0;313898.0;8532.634570452197;0.22127448822364076;0.0759493670886076;10177.0;129015.0;130805.0;27345.0;4.718047174986286;3833.0;94593068.0;546.0826694661708;10393269.0;10436.0;3219.0;4318.0;6331.0;1953.0;995.9054235339211;0.18714066692219242;12.362495208892296;12.534016864699119
H-#4693586;2578540.0;0.15957297384738922;8505.0;19936.0;49879.0;262699.0;2.2429873943328857;7491.0;312578.0;6542.678664404547;0.19850246933248367;0.06325690770135214;11006.0;59759.0;63230.0;13673.0;4.370584363343816;5499.0;52480322.0;420.5332598259381;7487682.0;5405.0;3039.0;3898.0;5143.0;1960.0;1385.3250693802036;0.36262719703977797;11.056244218316374;11.698427382053653
Rallied#2595476;21978000.0;0.274712473154068;15518.0;51737.0;19109.0;50451.0;4.830472469329834;18016.0;69560.0;155684.7978544419;0.29844366505918457;0.011148343858744683;23942.0;167039.0;77764.0;31198.0;5.354157317776781;1694.0;155536661.0;750.982135183549;12426660.0;14499.0;2990.0;4152.0;7041.0;1900.0;857.0701427684668;0.13104352024277535;11.520725567280502;5.36340437271536
MuTeX#1486160;15069768.0;0.268561989068985;20210.0;56548.0;153770.0;418798.0;3.0051915645599365;61701.0;572568.0;8870.795801472925;0.21708568949698065;0.057199406234537356;10323.0;194878.0;157972.0;37483.0;5.199103593629112;3158.0;143645712.0;663.3186037677067;12993368.0;15893.0;3009.0;4286.0;7120.0;1835.0;817.5528849178884;0.1154596363178758;12.261876297741145;9.939721890140314
connerdose#8303239;21978000.0;0.4314023554325104;10528.0;4508.0;22989.0;30300.0;2.75150465965271;4387.0;53289.0;9813.656109912004;0.04695833333333333;0.055756079027355625;14174.0;67266.0;17003.0;7707.0;8.72790969248735;138.0;71510136.0;564.4039154345485;7602017.0;8185.0;2138.0;2487.0;3067.0;1763.0;928.7742211362248;0.21539401343921807;8.218204031765424;2.0773365913255954
iZundGod#7322165;19039207.0;0.2631114423274994;13526.0;32186.0;118046.0;330608.0;3.107952833175659;36816.0;448654.0;8772.378869592956;0.21010372672023814;0.05663167233476268;14075.0;113938.0;114425.0;26713.0;4.26526410361996;3918.0;94598247.0;520.2755696669323;10909401.0;10949.0;3190.0;4431.0;6840.0;1700.0;996.3833226778701;0.15526532103388438;10.40624714585807;10.450726093707187
trohfe#4325329;21978000.0;0.23173606395721436;11843.0;19505.0;15635.0;51834.0;3.835409641265869;26125.0;67469.0;52327.617208273856;0.22788610952086083;0.010976948408342482;11882.0;73661.0;42032.0;16244.0;4.534658950997291;1911.0;84899276.0;456.26889246096556;11164374.0;10064.0;3693.0;5160.0;6918.0;1667.0;1109.3376391096979;0.16563990461049286;7.319256756756757;4.176470588235294
SoapyGrass#9824309;21978000.0;0.19261904060840607;16820.0;20994.0;69741.0;292326.0;2.6896402835845947;14248.0;362067.0;8847.560530985023;0.16759000558793008;0.057253269916765756;11137.0;85725.0;86932.0;24872.0;3.446646831778707;6092.0;84977742.0;397.3908525658532;12830352.0;11400.0;3389.0;4938.0;8142.0;1632.0;1125.4694736842105;0.1431578947368421;7.519736842105263;7.625614035087719
unrational#9919207;21978000.0;0.27261456847190857;19713.0;51424.0;34965.0;93293.0;2.7262630462646484;40524.0;128258.0;36935.77424023155;0.2682258931039699;0.015674935321868817;13390.0;110789.0;112610.0;33067.0;3.3504400157256478;4718.0;81752976.0;459.5307766677409;10674320.0;11608.0;2888.0;4170.0;7124.0;1616.0;919.5658166781529;0.13921433494141972;9.544193659545142;9.701068228807719
BagelSquare;21978000.0;0.20892047882080078;15661.0;40619.0;187667.0;710603.0;1.7542333602905273;15465.0;898270.0;4072.6367686294147;0.22052651866812167;0.11697848157844326;11663.0;91888.0;92209.0;26681.0;3.4439488774783555;4232.0;77528353.0;461.79783927866754;10073025.0;8099.0;3010.0;4303.0;6898.0;1619.0;1243.7368810964317;0.1999012223731325;11.345598222002716;11.385232744783307
vG#6137733;15893145.0;0.18302111327648163;7742.0;13906.0;10180.0;45442.0;3.2077794075012207;20656.0;55622.0;64986.23821397959;0.22694410444716442;0.0162748643761302;12705.0;60899.0;60864.0;18188.0;3.3483065757642403;3952.0;57796177.0;394.76986627481534;8784284.0;7756.0;3059.0;4134.0;6147.0;1581.0;1132.5791645177926;0.20384218669417226;7.851856627127385;7.847343991748324
saggyman#4601955;19606495.0;0.30210140347480774;5309.0;9579.0;9934.0;22949.0;4.513157844543457;6248.0;32883.0;22887.539590575514;0.20686750890832523;0.04087398756828028;5758.0;35847.0;38261.0;6520.0;5.498006134969325;3150.0;36261683.0;433.96432626156167;5013548.0;3396.0;2430.0;2967.0;3585.0;1522.0;1476.3097762073028;0.44817432273262664;10.55565371024735;11.266489988221437
minenmoritz#2824891;20823076.0;0.23113781213760376;13989.0;37129.0;116254.0;386710.0;3.6168081760406494;24329.0;502964.0;4115.129087188838;0.24963357403149247;0.08506683823003788;7391.0;65835.0;66923.0;12850.0;5.123346303501945;3875.0;63050817.0;420.9902858557109;8986072.0;6709.0;3160.0;4227.0;5537.0;1523.0;1339.4055746012818;0.22700849605008197;9.812937844686243;9.975108063794902
nYakir_#4066522;21978000.0;0.2084135115146637;7373.0;22259.0;52312.0;198689.0;2.9978835582733154;9861.0;251001.0;11338.383820674973;0.27094237651240355;0.04896243048962431;11857.0;62767.0;66841.0;14066.0;4.462320489122707;3567.0;56259671.0;490.84035017438197;6877145.0;6057.0;2540.0;3384.0;4903.0;1488.0;1135.4044906719498;0.2456661713719663;10.362720818887238;11.035331021958065
BigNeo#5192345;11303407.0;0.32130879163742065;13210.0;37907.0;156532.0;330638.0;2.84566593170166;4239.0;487170.0;6411.831821690467;0.22356229984843035;0.093111279333838;6842.0;103425.0;93894.0;20032.0;5.162989217252396;3535.0;83867745.0;546.4662106975901;9208373.0;9401.0;2554.0;3606.0;6036.0;1483.0;979.5099457504521;0.15774917561961493;11.001489203276247;9.987660887139667
pressure#2943062;257985.0;0.2796771824359894;10572.0;42902.0;128086.0;329892.0;3.89349365234375;6108.0;457978.0;10298.505157211317;0.24212563985348978;0.06564510026485054;9164.0;131553.0;139475.0;20278.0;6.487474109872768;4108.0;89384002.0;660.8942005396543;8114824.0;7588.0;2473.0;3457.0;5790.0;1480.0;1069.4285714285713;0.19504480759093304;17.336979441222983;18.3809963099631
malvingill#9693869;11380882.0;0.18712270259857178;9789.0;14812.0;55175.0;239685.0;1.954779028892517;11769.0;294860.0;6897.912441210627;0.21632200023367215;0.03851261620185923;12653.0;49831.0;53430.0;18330.0;2.7185488270594655;4413.0;45045918.0;299.32771746750456;9029418.0;6009.0;3062.0;4000.0;5472.0;1490.0;1502.6490264603096;0.24796139124646363;8.292727575303712;8.891662506240639
Bir_Hayat#6532438;18702063.0;0.19091340899467468;18608.0;35421.0;11644.0;49347.0;2.7892370223999023;17377.0;60991.0;62673.96985584453;0.2548090065462916;0.004675408426483233;25502.0;122069.0;126595.0;40763.0;2.9946029487525454;6715.0;100372076.0;397.7011812448895;15142838.0;12411.0;3792.0;5986.0;11672.0;1475.0;1220.1142534848118;0.11884618483603256;9.835549109660786;10.200225606316977
sergeantsneaky#4993793;21978000.0;0.22587734460830688;10125.0;14481.0;9455.0;32404.0;3.3931233882904053;3857.0;41859.0;64268.884359332624;0.2052295918367347;0.010074074074074074;8313.0;65735.0;67404.0;18658.0;3.523153607031836;5399.0;61922645.0;342.4050420011629;10850771.0;9398.0;3578.0;5190.0;7158.0;1468.0;1154.5829963822089;0.15620344754203022;6.994573313470951;7.172164290274527
刈り上げ界のカリボー#4611914;10321319.0;0.18417224287986755;14373.0;21055.0;139765.0;619117.0;1.8268754482269287;11054.0;758882.0;5927.492021112501;0.16328034121752616;0.058303764001948095;14205.0;87973.0;83133.0;28538.0;3.0826617142056207;4066.0;81884265.0;398.79872281961536;12319638.0;12103.0;3375.0;5145.0;8766.0;1357.0;1017.8995290423862;0.1121209617450219;7.268693712302735;6.8687928612740645
django#5614432;6241866.0;0.16398385167121887;10151.0;10478.0;77943.0;397366.0;1.1018561124801636;13785.0;475309.0;2751.6053765977927;0.1978735860102355;0.07122450990050241;20246.0;20373.0;23053.0;14844.0;1.3724737267582863;3888.0;33868075.0;231.44206785799707;8780100.0;7317.0;2922.0;3964.0;5559.0;1317.0;1199.958999589996;0.17999179991799918;2.7843378433784336;3.1506081727483943
Brandon#2392686;21978000.0;0.33745077252388;3742.0;9976.0;6857.0;13463.0;6.004642963409424;353.0;20320.0;153481.32478632478;0.2204007688398913;0.011758417958311064;8651.0;41104.0;39630.0;6735.0;6.103043801039346;1671.0;44376272.0;684.3059588811371;3890915.0;2744.0;1844.0;2160.0;2638.0;1326.0;1417.9719387755101;0.48323615160349853;14.979591836734693;14.442419825072886
tony wh1te#4150630;21978000.0;0.27561458945274353;15396.0;30191.0;102920.0;270500.0;2.9868977069854736;10038.0;373420.0;9077.95264670246;0.20280927558039552;0.05787217459080281;17368.0;107676.0;106657.0;27928.0;3.8554855342308794;2996.0;89672899.0;476.1689946142657;11299295.0;11077.0;2888.0;4283.0;7287.0;1283.0;1020.0681592488941;0.11582558454455177;9.72068249526045;9.628690078541121
Lapaxx#7549728;21978000.0;0.22923380136489868;11198.0;14459.0;47522.0;159786.0;2.558410167694092;26109.0;207308.0;8533.747769524796;0.1821789912684113;0.03009465976067155;11672.0;65192.0;64062.0;19101.0;3.4130150253913407;4080.0;59427854.0;380.6309962114864;9367790.0;8053.0;2603.0;3748.0;5977.0;1270.0;1163.267105426549;0.15770520302992674;8.095368185769278;7.95504780827021
Bombastic#7870958;13999934.0;0.18841665983200073;15275.0;18900.0;48766.0;210054.0;1.9516223669052124;14373.0;258820.0;9671.355830985916;0.18952308371104248;0.04098199672667758;16660.0;76466.0;78941.0;29631.0;2.580608146873207;6336.0;82125373.0;356.3146022014104;13829134.0;13535.0;3494.0;5336.0;9088.0;1271.0;1021.7313631326191;0.09390469154045068;5.649501292944219;5.8323605467306985
twitch_elatoo#2608520;17318670.0;0.25671645998954773;16780.0;38646.0;51896.0;150257.0;3.309302568435669;26821.0;202153.0;27793.145020360556;0.2410914807605929;0.015554231227651967;16714.0;127604.0;93638.0;32441.0;3.933417588853611;3170.0;101248479.0;577.3376266990018;10522281.0;10610.0;2211.0;3263.0;5907.0;1259.0;991.7324222431669;0.11866163996229971;12.026767200754005;8.82544769085768
rayckones#2402786;16070955.0;0.08693456649780273;14354.0;25565.0;21350.0;224237.0;2.8075525760650635;17811.0;245587.0;11762.080843073993;0.19242204141232436;0.039919186289536016;10927.0;109513.0;108273.0;29917.0;3.660560885115486;3932.0;85150754.0;457.78002220513616;11160481.0;12452.0;2589.0;4002.0;7414.0;1241.0;896.2801959524575;0.0996627047863797;8.794812078380984;8.695229681978798
jesus2b#1012410;21978000.0;0.11983697861433029;21356.0;5636.0;5675.0;41681.0;1.0082530975341797;29713.0;47356.0;104284.3128773049;0.134501109705749;0.006134107510769807;42270.0;40469.0;39461.0;38686.0;1.0460890244532906;4926.0;123893704.0;300.1532797651886;24766087.0;19283.0;7145.0;11353.0;16434.0;1210.0;1284.3482341959239;0.06274957216200798;2.098687963491158;2.0464139397396672
Etsuu1#3678285;21978000.0;0.19702890515327454;8889.0;14008.0;73716.0;300422.0;1.7973287105560303;9388.0;374138.0;7493.40122256571;0.20331799642945267;0.06592417594780066;15729.0;50721.0;50277.0;20806.0;2.4378064019994232;3349.0;52841072.0;368.9514434420339;8593175.0;7442.0;2673.0;3734.0;5854.0;1203.0;1154.6862402579952;0.16165009406073635;6.815506584251545;6.755845202902446
dilldoughttv#9194018;21978000.0;0.21888817846775055;20855.0;39996.0;101287.0;361447.0;2.453678846359253;29600.0;462734.0;7815.75696358434;0.242043535883517;0.0355310477103812;16449.0;122501.0;95985.0;36125.0;3.391031141868512;3120.0;97017150.0;459.4930950475006;12668371.0;16336.0;2461.0;3754.0;6955.0;1198.0;775.4879407443683;0.07333496571988248;7.498836924583742;5.875673359451518
veerix#3427972;7142312.0;0.20336316525936127;7251.0;13914.0;107149.0;419736.0;1.6875970363616943;6731.0;526885.0;2845.24092282458;0.21697568886740373;0.17638946352227278;7324.0;33162.0;36207.0;11170.0;2.968845120859445;3037.0;35470952.0;353.28783088720473;6024145.0;5352.0;2195.0;3007.0;4276.0;1101.0;1125.5876307922272;0.20571748878923768;6.196188340807175;6.765134529147982
JoeWo#1047822;16031417.0;0.24051302671432495;22194.0;43139.0;48156.0;152066.0;3.2271525859832764;59888.0;200222.0;29145.662578848474;0.2237465184670363;0.017977831846444987;7866.0;146267.0;149298.0;38052.0;3.84387154420267;2288.0;104585863.0;530.6985202115131;11824325.0;18540.0;2082.0;3158.0;6983.0;1094.0;637.7737324703344;0.05900755124056095;7.889266450916937;8.05275080906149
kizzlekicks_#5529479;21978000.0;0.22468037903308868;9557.0;17464.0;85603.0;295396.0;1.8176558017730713;16337.0;380999.0;2310.2481650817467;0.19924473194829495;0.1615569739457989;13109.0;45681.0;47358.0;14518.0;3.1465077834412454;3217.0;46354882.0;384.45778086306865;7234326.0;6531.0;2352.0;3327.0;4851.0;1094.0;1107.6903996325218;0.16750880416475272;6.994487827285255;7.251263206247129
SwagaShotz#8604004;21978000.0;0.1928916573524475;17853.0;13702.0;91752.0;383914.0;1.4503933191299438;19850.0;475666.0;7793.3596490729315;0.13684893882646693;0.040553408390746656;17664.0;56762.0;44949.0;28086.0;2.021006907355978;5497.0;82437603.0;350.66831466094095;14105227.0;13690.0;3168.0;4953.0;8403.0;1097.0;1030.3306793279767;0.08013148283418553;4.1462381300219135;3.283345507669832
albertofg4#8488082;21978000.0;0.24067412316799164;7829.0;16565.0;20207.0;63753.0;3.557978868484497;34269.0;83960.0;44599.39755248138;0.2202646100658201;0.013667135010857069;6400.0;64309.0;64842.0;15320.0;4.197715404699739;2450.0;57447473.0;492.6571108613017;6996445.0;6629.0;2297.0;3288.0;5150.0;1079.0;1055.4299290994118;0.1627696485141047;9.70116156282999;9.781565847035752
Hoppers#2990323;21978000.0;0.23922590911388397;10479.0;12556.0;4957.0;15764.0;2.681220769882202;29336.0;20721.0;79258.50061987991;0.2004597994763395;0.0038171581257753604;10143.0;54839.0;51338.0;16947.0;3.235911960819024;2289.0;49020703.0;372.4078012060664;7897907.0;8244.0;2333.0;3313.0;5117.0;1055.0;958.0188015526444;0.1279718583212033;6.651989325570112;6.227316836487142
smoki2vu#2819259;21978000.0;0.12963348627090454;23725.0;11524.0;4361.0;29280.0;1.0513864755630493;881.0;33641.0;104328.5216219252;0.21679584618857703;0.0024025289778714437;34288.0;53693.0;59198.0;50379.0;1.0657813771611186;11763.0;77520342.0;190.13703320577056;24462465.0;18672.0;5253.0;9379.0;16241.0;1050.0;1310.1148778920308;0.05623393316195373;2.87558911739503;3.17041559554413
SupaFreakNasty#5882183;16348758.0;0.16938309371471405;15213.0;25503.0;3045.0;14932.0;2.5514166355133057;44502.0;17977.0;205964.34190975208;0.24225354788456788;0.0017747978702425558;10854.0;67050.0;64223.0;26329.0;2.5466215959588285;3327.0;64464510.0;435.91970018360405;8872897.0;9850.0;2080.0;3068.0;5555.0;984.0;900.8017258883249;0.0998984771573604;6.807106598984771;6.52010152284264
TAZ#9459019;21978000.0;0.04370179772377014;14894.0;22475.0;17.0;372.0;2.343470335006714;3544.0;389.0;11822515.952380951;0.21195831565049275;0.0;12465.0;73636.0;61549.0;29559.0;2.491153286647045;2996.0;79295933.0;457.2170658535896;10405902.0;9900.0;2693.0;3963.0;6586.0;984.0;1051.101212121212;0.0993939393939394;7.437979797979798;6.217070707070707
KayzahR#2404383;9778825.0;0.23989002406597137;12605.0;37245.0;70585.0;223654.0;3.454575300216675;11595.0;294239.0;11219.439030963222;0.25257354437075313;0.05164617215390718;8054.0;72562.0;70871.0;16345.0;4.439400428265524;2248.0;56955708.0;542.0649032684809;6304305.0;6229.0;1690.0;2384.0;3916.0;967.0;1012.0894204527211;0.15524161181570076;11.64906084443731;11.377588698025365
gia#8036656;21978000.0;0.2295580357313156;17634.0;54337.0;233646.0;784162.0;2.6707205772399902;38031.0;1017808.0;4142.320545461024;0.23677593937782968;0.11148916865146875;8545.0;68015.0;75005.0;18116.0;3.754415985868845;3851.0;52174233.0;423.97795905210654;7383530.0;6554.0;2035.0;2712.0;3487.0;993.0;1126.5685077815074;0.15151052792187977;10.377631980469943;11.444156240463839
icemanisaac#7156344;6465142.0;0.23483826220035553;11379.0;22631.0;40000.0;130330.0;2.7325470447540283;12963.0;170330.0;10769.19692331706;0.23764070900537634;0.04332542402671588;8009.0;73924.0;62247.0;21257.0;3.4776308980571105;2399.0;58007743.0;478.51047199994395;7273539.0;9440.0;1669.0;2355.0;4169.0;961.0;770.5020127118644;0.10180084745762712;7.83093220338983;6.593961864406779
Revolt#1360012;21978000.0;0.2702248990535736;17582.0;28215.0;91887.0;248152.0;2.8899056911468506;22197.0;340039.0;14407.482876712329;0.1642546106557377;0.0287794335115459;9989.0;91770.0;94566.0;26471.0;3.4668127384685126;2767.0;70351050.0;449.546243038048;9389608.0;11394.0;2094.0;3232.0;6172.0;931.0;824.0835527470599;0.08170967175706512;8.054239073196419;8.299631384939442
ghost#5040040;15889622.0;0.23190544545650482;18352.0;21890.0;156077.0;516943.0;1.8590589761734009;950.0;673020.0;3040.6610850158813;0.18515542397969972;0.06887532693984307;12244.0;67313.0;66804.0;34498.0;1.951214563163082;4717.0;70891569.0;275.6470108831954;15430946.0;13430.0;3403.0;5739.0;10438.0;928.0;1148.9907669396873;0.06909903201787045;5.012137006701415;4.974236783320923
heleninha S2#3078284;21978000.0;0.27942955493927;16489.0;38389.0;211441.0;545247.0;3.311861038208008;11425.0;756688.0;13463.057571253716;0.1851892945353504;0.05318697313360422;10097.0;87996.0;85330.0;23313.0;3.7745463904259426;2677.0;79602671.0;554.5345096748861;8612918.0;9038.0;1908.0;3001.0;5809.0;904.0;952.9672493914583;0.10002212878955521;9.73622482850188;9.441248063730914
Mack#4664153;21978000.0;0.2117447853088379;14219.0;33967.0;271471.0;1010596.0;1.6782459020614624;17764.0;1282067.0;3471.3068223134687;0.20093703968812668;0.14389197552570504;15390.0;73319.0;38470.0;22497.0;3.259056763123972;1665.0;73407665.0;538.4864389309006;8179333.0;8031.0;1784.0;2650.0;4651.0;905.0;1018.4700535425227;0.11268833271074585;9.129498194496326;4.790188021417009
Cook14u#4591151;21978000.0;0.15125349164009094;25597.0;19032.0;16869.0;94659.0;1.4193936586380005;83359.0;111528.0;16124.351518826044;0.19236678256650763;0.015001758018517795;24139.0;74030.0;69833.0;50474.0;1.466695724531442;5098.0;94506683.0;280.5362791616506;20212719.0;21890.0;3604.0;6534.0;13299.0;892.0;923.3768387391503;0.04074920054819552;3.3819095477386933;3.1901781635449975
ShakenB8#7117788;21978000.0;0.3214225471019745;7203.0;19692.0;1907.0;4026.0;4.428670406341553;3771.0;5933.0;493402.16380182;0.23713301702752823;0.0011106483409690406;5444.0;70870.0;72972.0;14705.0;4.819449166950017;2362.0;43513631.0;488.45591326393446;5345043.0;4998.0;1710.0;2481.0;4335.0;884.0;1069.43637454982;0.17687074829931973;14.1796718687475;14.600240096038416
TheDeathDread#9895084;13140315.0;0.15746785700321198;14550.0;18319.0;71155.0;380715.0;1.3000648021697998;20966.0;451870.0;2844.659785902392;0.19863592990978488;0.08735395189003436;19158.0;41091.0;43184.0;23341.0;1.7604644188338117;4828.0;55235381.0;359.9513920718051;9207140.0;9341.0;2229.0;3386.0;5761.0;879.0;985.6696285194305;0.09410127395353816;4.398993683759769;4.62305962958998
yeezee#8865145;21978000.0;0.0;8743.0;7693.0;0.0;0.0;1.7317490577697754;41653.0;0.0;0.0;0.1951299936588459;0.0;9950.0;38761.0;34799.0;21891.0;1.7706363345667169;2724.0;40958213.0;320.9317849161748;7657368.0;8191.0;2238.0;3320.0;5810.0;845.0;934.8514222927604;0.1031620070809425;4.73214503723599;4.248443413502625
wulver_gamingttv#7064326;14842559.0;0.25818902254104614;10264.0;21727.0;97597.0;280409.0;2.1184237003326416;6532.0;378006.0;4126.337080400941;0.2521440425210923;0.15364380358534685;7499.0;53931.0;57490.0;17624.0;3.060088515660463;3812.0;44750592.0;359.1043134076542;7477035.0;6906.0;1991.0;3048.0;5239.0;843.0;1082.6867940920938;0.12206776715899217;7.809296264118158;8.324645236026644
AA is Cheating#1235247;12461044.0;0.24241435527801514;12880.0;22762.0;124896.0;390321.0;1.8795942068099976;21665.0;515217.0;2576.8498118866682;0.20473474968069222;0.08307453416149069;8532.0;44348.0;44068.0;16221.0;2.733986807225202;3338.0;38132841.0;351.18923296395565;6514922.0;5979.0;1826.0;2675.0;4451.0;829.0;1089.6340525171433;0.13865194848636897;7.417293861849807;7.37046328817528
hustlr#3955332;15925653.0;0.16327275335788727;10573.0;11501.0;6270.0;32132.0;2.329026937484741;19550.0;38402.0;48677.05579840576;0.19043282445276022;0.008795989785302185;12515.0;56897.0;56720.0;22089.0;2.5758069627416362;3332.0;49200029.0;337.5483870525114;8745418.0;9022.0;2092.0;3328.0;5745.0;826.0;969.3436045222788;0.09155397916204833;6.30647306583906;6.286854356018621
Soy sauce#5361659;21978000.0;0.2129579782485962;8481.0;15504.0;25296.0;93488.0;2.3814079761505127;8272.0;118784.0;9989.803252197455;0.24813943438805397;0.041622450182761464;5883.0;49044.0;50091.0;16688.0;2.938878235858102;3570.0;42276186.0;370.14754558859687;6852865.0;6574.0;1865.0;2870.0;4858.0;823.0;1042.4193793732886;0.12519014298752662;7.460298144204442;7.6195619105567385
heelu#8197578;16409018.0;0.19520187377929688;14260.0;17170.0;97151.0;400544.0;1.2775907516479492;17330.0;497695.0;3164.896777829507;0.20384903061890797;0.0723702664796634;11381.0;37645.0;33753.0;22902.0;1.643742904549821;3312.0;40531283.0;289.5383594036208;8399153.0;9165.0;1815.0;2771.0;5415.0;817.0;916.4378614293508;0.08914348063284233;4.107474086197491;3.6828150572831424
DashClo#7846311;20155712.0;0.22775286436080933;11300.0;10878.0;13562.0;45985.0;2.0953986644744873;2579.0;59547.0;30669.09219331745;0.19889563373071015;0.007168141592920354;6805.0;45423.0;45350.0;19924.0;2.279813290503915;3366.0;37615555.0;236.5399646971748;9541446.0;7828.0;2543.0;3870.0;5900.0;809.0;1218.886816555953;0.10334695963208994;5.802631578947368;5.79330608073582
nagytisztelettel#2956536;21978000.0;0.23246097564697266;13163.0;21869.0;205015.0;676918.0;1.2158290147781372;20880.0;881933.0;2509.6993824665933;0.22567695863947826;0.090177011319608;19200.0;31026.0;32972.0;18780.0;1.652076677316294;4739.0;39185056.0;242.80384284476347;9683139.0;8329.0;2574.0;3744.0;5951.0;808.0;1162.5812222355626;0.09701044543162445;3.725057029655421;3.958698523232081
kellymanjaro#1579412;9324387.0;0.17647582292556763;9817.0;16423.0;91211.0;425636.0;2.7971739768981934;19801.0;516847.0;4033.64355788618;0.19847485074807242;0.0726291127635734;4540.0;19898.0;20243.0;6302.0;3.1574103459219294;1879.0;20834395.0;307.406899187233;4066479.0;3415.0;1628.0;2237.0;2949.0;804.0;1190.7698389458271;0.23543191800878477;5.826647144948756;5.927672035139092
Energizeed#3985043;5738238.0;0.23100771009922028;7355.0;16044.0;102381.0;340812.0;3.0156943798065186;9704.0;443193.0;2949.5224798751;0.1983287183544304;0.13297076818490822;5581.0;46574.0;44192.0;10531.0;4.422561959927832;1939.0;38177351.0;409.42256652550606;5594809.0;4465.0;1738.0;2578.0;3833.0;787.0;1253.0367301231802;0.17625979843225084;10.43090705487122;9.897424412094065
JOE SQRL#8523660;10997117.0;0.31773149967193604;6890.0;14321.0;53173.0;114179.0;1.459222435951233;12980.0;167352.0;2743.9079951311187;0.23582590939779668;0.1076923076923077;6650.0;31261.0;31756.0;12813.0;2.4397877156013426;1854.0;27298294.0;348.10956827677757;4705121.0;4200.0;1513.0;2108.0;3295.0;774.0;1120.2669047619047;0.18428571428571427;7.443095238095238;7.560952380952381
twitch lil2pacッ#9802649;7850664.0;0.2809779942035675;13468.0;23744.0;112852.0;288788.0;1.7090250253677368;28707.0;401640.0;3217.964367806554;0.2149634243499674;0.08694683694683694;10619.0;52335.0;50678.0;21584.0;2.4247127501853223;3848.0;51905527.0;344.5263284008479;9039459.0;8926.0;2021.0;3206.0;5990.0;762.0;1012.7110687878109;0.08536858615281201;5.8632086040779745;5.67757114048846
inept#8166374;10641196.0;0.1614808440208435;7127.0;11067.0;55775.0;289622.0;1.730767011642456;14825.0;345397.0;4984.542694886511;0.18138757314015047;0.0840465834151817;9879.0;32085.0;32958.0;16931.0;1.8950445927588446;3291.0;38472701.0;388.0589488109826;5948483.0;5472.0;1747.0;2501.0;3577.0;760.0;1087.076571637427;0.1388888888888889;5.863486842105263;6.0230263157894735
Mystic-#1990720;6945204.0;0.16276881098747253;22204.0;16443.0;49275.0;253455.0;1.5930670499801636;31974.0;302730.0;6658.442526370914;0.17774102539157505;0.028238155287335615;11439.0;75141.0;66706.0;36970.0;2.032485799296727;3342.0;68583266.0;327.3168455629314;12571904.0;16937.0;1911.0;3056.0;6081.0;753.0;742.2745468500915;0.044458877014819626;4.436499970478834;3.938477888646159
T zone#5619245;18081316.0;0.22209127247333527;11747.0;13307.0;10930.0;38284.0;1.770702838897705;15395.0;49214.0;31641.597882931135;0.22092173855297673;0.010641014727164383;11318.0;47870.0;44207.0;25235.0;1.8969684961363187;3907.0;52921969.0;344.3320746320028;9221674.0;8784.0;2077.0;3228.0;5972.0;750.0;1049.8262750455374;0.08538251366120218;5.449681238615665;5.032673041894354
mrhaannn#7209929;5285289.0;0.1833329200744629;9984.0;16213.0;51956.0;231441.0;2.2697460651397705;7035.0;283397.0;8794.149053018196;0.21083499135229328;0.03976362179487179;9587.0;46970.0;47259.0;17318.0;2.712206952303961;3694.0;41584624.0;350.6619772645982;7115335.0;6660.0;1780.0;2696.0;4693.0;754.0;1068.3686186186187;0.11321321321321322;7.0525525525525525;7.095945945945946
MaxNL#7268123;20507426.0;0.17876692116260529;11526.0;16271.0;113719.0;522411.0;1.4088224172592163;14178.0;636130.0;4982.090412481331;0.21587592209308495;0.04624327607149054;11521.0;41239.0;41668.0;22537.0;1.8298353818165682;3849.0;35976691.0;264.22244464472533;8169637.0;7608.0;1858.0;2840.0;4868.0;827.0;1073.8218980021031;0.10870136698212408;5.420478443743428;5.476866456361725
flemys#5202424;21624369.0;0.2755555510520935;18355.0;46548.0;425827.0;1119513.0;2.9205162525177;12199.0;1545340.0;2187.959328353362;0.178880784572935;0.2712067556524108;7061.0;54367.0;48245.0;12143.0;4.4772296796508275;1971.0;42685723.0;475.56031274927915;5385528.0;5344.0;1417.0;2022.0;3270.0;758.0;1007.7709580838323;0.14184131736526945;10.173465568862275;9.027881736526947
s1mple#9853606;13203643.0;0.22611132264137268;11187.0;15425.0;109122.0;373481.0;1.5222957134246826;8658.0;482603.0;4304.405225825064;0.1995730366153448;0.07526593367301332;7904.0;40518.0;40576.0;19550.0;2.072531969309463;3351.0;38987636.0;312.50810374070596;7485432.0;7338.0;1790.0;2807.0;4996.0;706.0;1020.0915780866721;0.09621150177159989;5.521668029435814;5.529572090487871
mussee1#6257754;15939546.0;0.2765989303588867;18752.0;34854.0;103812.0;271504.0;2.163090229034424;28065.0;375316.0;9092.419922895162;0.19791264451359394;0.05002133105802048;16153.0;117823.0;117540.0;37869.0;3.1113311679738045;4799.0;111535289.0;530.0665589390491;12625051.0;12983.0;2215.0;3832.0;8395.0;701.0;972.4294076869753;0.053993684048370946;9.075175229145806;9.053377493645536
reid_ddd#2002810;11129367.0;0.2281871736049652;12288.0;26109.0;334550.0;1131571.0;2.9925272464752197;9306.0;1466121.0;1247.4266296856003;0.1671724932769881;0.3142903645833333;5315.0;33387.0;33149.0;9024.0;3.6998005319148937;2071.0;29204496.0;376.04195226719247;4659772.0;4243.0;1413.0;2003.0;3071.0;707.0;1098.2257836436484;0.16662738628329013;7.868724958755598;7.8126325712938955
marlijuissi#8130423;21978000.0;0.2235458940267563;7235.0;11188.0;17545.0;60940.0;2.496830701828003;23742.0;78485.0;15585.40738907548;0.2290604590217636;0.024464409122322044;8423.0;39455.0;40465.0;14140.0;2.79031117397454;3000.0;34272423.0;336.22131746207964;6116047.0;6170.0;1756.0;2669.0;4368.0;695.0;991.2555915721232;0.1126418152350081;6.394651539708266;6.558346839546191
Da joker#9417385;18322263.0;0.1794126182794571;17379.0;24831.0;140622.0;643169.0;1.490259051322937;24273.0;783791.0;1409.7933724559937;0.15643939871224627;0.18746763335059555;8908.0;46332.0;47144.0;22124.0;2.0941963478575305;5418.0;47743669.0;307.6626470465356;9310913.0;8700.0;2180.0;3597.0;6574.0;733.0;1070.2198850574712;0.0842528735632184;5.32551724137931;5.418850574712644
OHeyItsMike#4652848;21978000.0;0.0;4098.0;12247.0;0.0;0.0;2.517305850982666;8923.0;0.0;0.0;0.3250783033391729;0.0;6105.0;31837.0;33614.0;12239.0;2.6012746139390472;1315.0;30075425.0;524.3043368609941;3441752.0;2819.0;1296.0;1743.0;2544.0;686.0;1220.912380276694;0.2433487052146151;11.293721177722597;11.92408655551614
trav3rse#2241205;11336426.0;0.22850073873996735;10871.0;18990.0;56702.0;191446.0;2.664823293685913;12781.0;248148.0;10595.572818665663;0.20963041462445356;0.04277435378530034;7713.0;68032.0;69806.0;21271.0;3.1983451647783365;2546.0;52929216.0;396.64223721625416;8006593.0;7914.0;1712.0;2776.0;5372.0;685.0;1011.6998989133182;0.08655547131665403;8.596411422795047;8.820571139752337
havoc-#4651694;15671459.0;0.1621021330356598;6325.0;9283.0;12187.0;62994.0;1.7007814645767212;1838.0;75181.0;10789.212902633226;0.27694740296548226;0.04;7005.0;27582.0;26879.0;13632.0;2.0233274647887325;2279.0;30702934.0;311.90371934192234;5906233.0;5543.0;1759.0;2599.0;4133.0;686.0;1065.5300378856216;0.12375969691502796;4.976005773047087;4.8491791448674
HXSTLE#1649188;14254540.0;0.24065899848937988;17889.0;36459.0;239577.0;755927.0;1.7696884870529175;20172.0;995504.0;3217.5294446477683;0.16955623971054662;0.12683772150483538;10814.0;63578.0;65896.0;22594.0;2.8139329025404973;3349.0;63494790.0;438.7658266663672;8682735.0;8482.0;1897.0;3085.0;5859.0;708.0;1023.6659985852393;0.08347087950954964;7.495637821268569;7.768922423956614
iOneFenix#9488756;15513105.0;0.22291651368141174;9879.0;12839.0;76486.0;266629.0;1.725898265838623;1065.0;343115.0;4690.535375552858;0.18902843008789624;0.06893410264196781;7577.0;43835.0;44719.0;18735.0;2.3397384574326128;3420.0;45156884.0;304.3195261021758;8903185.0;8065.0;2285.0;3750.0;6207.0;681.0;1103.9287042777432;0.08443893366398016;5.43521388716677;5.544823310601364
slyder15#4447102;11997788.0;0.15278635919094086;14810.0;16876.0;69976.0;388023.0;1.4259612560272217;38394.0;457999.0;6487.9635742849205;0.2093251138040957;0.0488183659689399;13648.0;43365.0;40857.0;25134.0;1.7253521126760563;4282.0;60514423.0;328.92188255015134;11038686.0;11734.0;2269.0;3849.0;7140.0;674.0;940.7436509289245;0.057439918186466675;3.695670700528379;3.4819328447247315
ToxicRaptor#1279068;21978000.0;0.19856685400009155;14992.0;25868.0;60492.0;244151.0;1.3489938974380493;45874.0;304643.0;5938.147287791153;0.2479796769400374;0.04462379935965848;8874.0;29380.0;28041.0;16635.0;1.7661556958220619;2437.0;33648609.0;310.9387411496615;6492972.0;6341.0;1656.0;2497.0;4265.0;674.0;1023.9665667875729;0.10629238290490459;4.63333859012774;4.422173158807759
cornberry26#8321010;15769624.0;0.1958569586277008;6724.0;9383.0;39379.0;161681.0;1.6127251386642456;4115.0;201060.0;6836.627414214805;0.24147515248217824;0.03985722784057109;5694.0;25435.0;25556.0;11204.0;2.2701713673687967;2259.0;25589328.0;296.75822267424564;5173773.0;3744.0;1541.0;2303.0;3695.0;665.0;1381.8838141025642;0.17761752136752137;6.7935363247863245;6.825854700854701
Abbs#5933748;10807941.0;0.14445146918296814;11288.0;14146.0;686.0;4063.0;2.553746223449707;44252.0;4749.0;275637.49343275995;0.2277865447167563;0.003809355067328136;8118.0;49019.0;47023.0;20810.0;2.3555502162421913;4094.0;49185048.0;329.22247746951757;8963856.0;9887.0;1943.0;3156.0;5747.0;662.0;906.6305249317286;0.06695660968949126;4.957924547385455;4.756043289167594
specter#1615280;13373642.0;0.20431110262870789;14185.0;36764.0;165445.0;644325.0;2.6516590118408203;12635.0;809770.0;2516.164803102718;0.23326819116266084;0.09221008107155446;9020.0;55711.0;58739.0;18322.0;3.040661499836262;3307.0;43502539.0;376.81152612176453;6926944.0;5840.0;1716.0;2482.0;3980.0;787.0;1186.1205479452055;0.13476027397260273;9.539554794520548;10.05804794520548
Gyrodabest#8413713;8876426.0;0.0;2999.0;7266.0;0.0;0.0;4.993790626525879;9991.0;0.0;0.0;0.19641022868573282;0.0;3330.0;34797.0;35852.0;6581.0;5.287494301777845;904.0;23715224.0;547.8118877406255;2597449.0;2434.0;998.0;1243.0;1763.0;648.0;1067.1524239934265;0.26622843056696793;14.2962202136401;14.729663105998357
ComradeGrisha#6651832;21978000.0;0.16430124640464783;13433.0;11633.0;7027.0;35742.0;1.6936123371124268;17135.0;42769.0;47912.40481623004;0.22488787503866378;0.005508821558847614;8004.0;46847.0;43370.0;25652.0;1.8262513644160299;3520.0;54003620.0;296.2079423201126;10938995.0;10021.0;2281.0;3702.0;6525.0;653.0;1091.6071250374214;0.065163157369524;4.674882746232911;4.327911386089212
itz essdoubleu#9690132;21978000.0;0.09382759779691696;22471.0;12190.0;529.0;5109.0;1.2669432163238525;35853.0;5638.0;326432.35766102443;0.1856194420757705;0.0035156423835165326;18704.0;63250.0;60062.0;48127.0;1.31423109688948;4420.0;94708716.0;347.9014607455475;16333714.0;17948.0;2442.0;4327.0;9545.0;826.0;910.0576108758636;0.046021840873634944;3.5240695342099397;3.3464452863828837
icam#8221282;21978000.0;0.22040177881717682;18305.0;31834.0;19035.0;67330.0;2.8792853355407715;8842.0;86365.0;32357.559750673816;0.22833984865330129;0.012947282163343348;9160.0;63410.0;62696.0;23647.0;2.681524083393242;3514.0;59561035.0;357.1555596509179;10005898.0;10123.0;2113.0;3685.0;6836.0;638.0;988.4320853501927;0.06302479502123877;6.263953373505878;6.193420922651388
Randymarshcod#3857894;17293656.0;0.1341390162706375;12227.0;27000.0;156568.0;1010639.0;2.309952974319458;11362.0;1167207.0;1886.1792956778638;0.14439043172739086;0.160873476731823;13345.0;49246.0;44127.0;13435.0;3.665500558243394;2488.0;43834906.0;400.09716992369067;6573639.0;5224.0;1806.0;2346.0;3144.0;892.0;1258.353560490046;0.17075038284839203;9.42687595712098;8.44697549770291
jayhawk#5140064;13634645.0;0.20722277462482452;11296.0;17436.0;115828.0;443126.0;1.500889539718628;9378.0;558954.0;2722.7597363295217;0.21306026687521384;0.07276912181303116;9010.0;39537.0;39850.0;19708.0;2.006139638725391;3296.0;36669300.0;286.39500146441475;7682250.0;6339.0;1744.0;2762.0;5008.0;637.0;1211.9025082820633;0.10048903612557186;6.237103644107903;6.286480517431771
boombayea90#1027657;21978000.0;0.15453225374221802;14426.0;19149.0;52549.0;287503.0;1.8972458839416504;1026.0;340052.0;6633.305585066387;0.22878956234990502;0.04949396922223763;8061.0;54068.0;46262.0;23609.0;2.290143589309162;3439.0;53849295.0;328.2492170579667;9843002.0;9670.0;1871.0;3193.0;6238.0;633.0;1017.8905894519131;0.06546018614270942;5.591313340227508;4.784074457083764
bangz_ttv#1448817;2785048.0;0.25544920563697815;7283.0;13884.0;154124.0;449221.0;1.7792346477508545;7388.0;603345.0;1307.8363012404984;0.18141431035383893;0.2261430729095153;5008.0;22532.0;23275.0;9276.0;2.4290642518326866;2293.0;23367604.0;307.8664721169143;4554105.0;3476.0;1421.0;2029.0;3157.0;630.0;1310.1567894131185;0.1812428078250863;6.482163406214039;6.695914844649022
f95-#8635503;21978000.0;0.1849331110715866;12742.0;12846.0;94479.0;416403.0;1.3035030364990234;24550.0;510882.0;4487.25518405657;0.16408016247078208;0.057447810390833465;11841.0;44059.0;43113.0;23119.0;1.9057485185345386;3147.0;45970874.0;347.5669565901132;7935888.0;7765.0;1713.0;2635.0;5037.0;637.0;1022.0074694140374;0.08203477141017386;5.674050225370251;5.552221506761107
AO4SHO#3662842;19479624.0;0.21052157878875732;16807.0;19825.0;23422.0;87835.0;2.0926196575164795;18406.0;111257.0;29757.39926866289;0.21323394964129372;0.010174332123519961;10120.0;40441.0;43186.0;20940.0;1.931279847182426;3626.0;50401436.0;309.1190654075875;9782917.0;8360.0;2227.0;3732.0;6623.0;637.0;1170.2053827751197;0.07619617224880383;4.83744019138756;5.16578947368421
zDuTy69#3569092;10093223.0;0.214430034160614;15282.0;26979.0;57413.0;210334.0;2.204054832458496;27120.0;267747.0;13825.76909834167;0.23635105301888776;0.019434628975265017;9375.0;62250.0;60825.0;25502.0;2.4409850207826835;3675.0;54493050.0;347.4455299044764;9410347.0;9977.0;1723.0;2931.0;6149.0;628.0;943.2040693595269;0.06294477297784905;6.239350506164177;6.096522000601383
PROMachine55#5833017;12145500.0;0.20334407687187195;14472.0;31321.0;183042.0;717117.0;1.9426653385162354;18231.0;900159.0;3080.788715527295;0.17835036870426785;0.11670812603648424;9694.0;64440.0;65702.0;23841.0;2.7029067572668932;5196.0;50006001.0;341.35528864269764;8789552.0;8683.0;1864.0;3129.0;6555.0;630.0;1012.2713347921225;0.0725555683519521;7.421398134285385;7.566739606126915
